symbol,name,symboltoken
20MICRONS,20 Microns Limited,16921
21STCENMGM,21st Century Management Services Limited,4
360ONE,360 ONE WAM LIMITED,13061
3IINFOLTD,3i Infotech Limited,6232
3MINDIA,3M India Limited,474
3PLAND,3P Land Holdings Limited,2595
5PAISA,5Paisa Capital Limited,445
63MOONS,63 moons technologies limited,11868
AADHARHFC,Aadhar Housing Finance Limited,23729
AARON,Aaron Industries Limited,1030
AARTECH,Aartech Solonics Limited,17145
AARTIDRUGS,Aarti Drugs Limited,4481
AARTIIND,Aarti Industries Limited,7
AARTIPHARM,Aarti Pharmalabs Limited,13868
AARVI,Aarvi Encon Limited,19073
AAVAS,Aavas Financiers Limited,5385
ABB,ABB India Limited,13
ABBOTINDIA,Abbott India Limited,17903
ABCAPITAL,Aditya Birla Capital Limited,21614
ABDL,Allied Blenders and Distillers Limited,24308
ABFRL,Aditya Birla Fashion and Retail Limited,30108
ABLBL,Aditya Birla Lifestyle Brands Limited,756843
ABREL,Aditya Birla Real Estate Limited,625
ABSLAMC,Aditya Birla Sun Life AMC Limited,6018
ACC,ACC Limited,22
ACCELYA,Accelya Solutions India Limited,7053
ACCURACY,Accuracy Shipping Limited,1465
ACE,Action Construction Equipment Limited,13587
ACEINTEG,Ace Integrated Solutions Limited,11779
ACI,Archean Chemical Industries Limited,12024
ACLGATI,Allcargo Gati Limited,13688
ACMESOLAR,Acme Solar Holdings Limited,27061
ACUTAAS,Acutaas Chemicals Limited,5578
ADANIENSOL,Adani Energy Solutions Limited,10217
ADANIENT,Adani Enterprises Limited,25
ADANIGREEN,Adani Green Energy Limited,3563
ADANIPORTS,Adani Ports and Special Economic Zone Limited,15083
ADANIPOWER,Adani Power Limited,17388
ADFFOODS,ADF Foods Limited,19761
ADL,Archidply Decor Limited,245
ADOR,Ador Welding Limited,34
ADROITINFO,Adroit Infotech Limited,4953
ADSL,Allied Digital Services Limited,14813
ADVANIHOTR,Advani Hotels & Resorts (India) Limited,14745
ADVENZYMES,Advanced Enzyme Technologies Limited,18039
AEGISLOG,Aegis Logistics Limited,40
AEGISVOPAK,Aegis Vopak Terminals Limited,757336
AEROENTER,Aeroflex Enterprises Limited,12015
AEROFLEX,Aeroflex Industries Limited,18268
AETHER,Aether Industries Limited,9810
AFCONS,Afcons Infrastructure Limited,25977
AFFLE,Affle 3i Limited,11343
AFFORDABLE,Affordable Robotic & Automation Limited,25855
AFIL,Akme Fintrade (India) Limited,24159
AFSL,Abans Financial Services Limited,13288
AGARIND,Agarwal Industrial Corporation Limited,3389
AGARWALEYE,Dr. Agarwal's Health Care Limited,29452
AGI,AGI Greenpac Limited,1412
AGIIL,Agi Infra Limited,24445
AGRITECH,Agri-Tech (India) Limited,11072
AHLADA,Ahlada Engineers Limited,2004
AHLEAST,Asian Hotels (East) Limited,19438
AHLUCONT,Ahluwalia Contracts (India) Limited,17833
AIAENG,AIA Engineering Limited,13086
AIIL,Authum Investment & Infrastructure Limited,23553
AIRAN,Airan Limited,9897
AIROLAM,Airo Lam limited,6068
AJANTPHARM,Ajanta Pharma Limited,8124
AJAXENGG,Ajax Engineering Limited,29624
AJMERA,Ajmera Realty & Infra India Limited,17307
AJOONI,Ajooni Biotech Limited,3403
AKASH,Akash Infra-Projects Limited,13510
AKG,Akg Exim Limited,2176
AKSHARCHEM,AksharChem India Limited,20178
AKSHOPTFBR,Aksh Optifibre Limited,8591
AKUMS,Akums Drugs and Pharmaceuticals Limited,24715
AKZOINDIA,Akzo Nobel India Limited,1467
ALANKIT,Alankit Limited,9921
ALBERTDAVD,Albert David Limited,17256
ALEMBICLTD,Alembic Limited,79
ALICON,Alicon Castalloy Limited,13656
ALIVUS,Alivus Life Sciences Limited,5265
ALKALI,Alkali Metals Limited,16959
ALKEM,Alkem Laboratories Limited,11703
ALKYLAMINE,Alkyl Amines Chemicals Limited,4487
ALLCARGO,Allcargo Logistics Limited,13501
ALLDIGI,Alldigi Tech Limited,11798
ALLTIME,All Time Plastics Limited,758448
ALMONDZ,Almondz Global Securities Limited,16719
ALOKINDS,Alok Industries Limited,17675
ALPA,Alpa Laboratories Limited,14848
ALPHAGEO,Alphageo (India) Limited,14597
AMBER,Amber Enterprises India Limited,1185
AMBICAAGAR,Ambica Agarbathies & Aroma industries Limited,11496
AMBIKCO,Ambika Cotton Mills Limited,15234
AMBUJACEM,Ambuja Cements Limited,1270
AMDIND,AMD Industries Limited,14398
AMJLAND,Amj Land Holdings Limited,2598
AMNPLST,Amines & Plasticizers Limited,19867
AMRUTANJAN,Amrutanjan Health Care Limited,17547
ANANDRATHI,Anand Rathi Wealth Limited,7145
ANANTRAJ,Anant Raj Limited,13620
ANDHRAPAP,ANDHRA PAPER LIMITED,166
ANDHRSUGAR,The Andhra Sugars Limited,136
ANGELONE,Angel One Limited,324
ANIKINDS,Anik Industries Limited,16657
ANMOL,Anmol India Limited,3727
ANTGRAPHIC,Antarctica Limited,5194
ANTHEM,Anthem Biosciences Limited,757885
ANUHPHR,Anuh Pharma Limited,28314
ANUP,The Anup Engineering Limited,9014
ANURAS,Anupam Rasayan India Limited,2829
APARINDS,Apar Industries Limited,11491
APCOTEXIND,Apcotex Industries Limited,154
APEX,Apex Frozen Foods Limited,21623
APLAPOLLO,APL Apollo Tubes Limited,25780
APLLTD,Alembic Pharmaceuticals Limited,25328
APOLLO,Apollo Micro Systems Limited,1134
APOLLOHOSP,Apollo Hospitals Enterprise Limited,157
APOLLOPIPE,Apollo Pipes Limited,14361
APOLLOTYRE,Apollo Tyres Limited,163
APOLSINHOT,Apollo Sindoori Hotels Limited,6302
APTECHT,Aptech Limited,10755
APTUS,Aptus Value Housing Finance India Limited,5435
ARCHIDPLY,Archidply Industries Limited,16795
ARE&M,Amara Raja Energy & Mobility Limited,100
ARIES,Aries Agro Limited,15204
ARIHANTCAP,Arihant Capital Markets Limited,3813
ARIHANTSUP,Arihant Superstructures Limited,20159
ARISINFRA,Arisinfra Solutions Limited,757614
ARKADE,Arkade Developers Limited,25398
ARMANFIN,Arman Financial Services Limited,17263
AROGRANITE,Aro Granite Industries Limited,14557
ARROWGREEN,Arrow Greentech Limited,9260
ARTEMISMED,Artemis Medicare Services Limited,16913
ARVEE,Arvee Laboratories (India) Limited,2814
ARVIND,Arvind Limited,193
ARVINDFASN,Arvind Fashions Limited,9111
ARVSMART,Arvind SmartSpaces Limited,10457
ASAHIINDIA,Asahi India Glass Limited,5378
ASAHISONG,Asahi Songwon Colors Limited,25088
ASAL,Automotive Stampings and Assemblies Limited,10634
ASALCBR,Associated Alcohols & Breweries Ltd.,17598
ASHAPURMIN,Ashapura Minechem Limited,203
ASHIANA,Ashiana Housing Limited,24403
ASHIMASYN,Ashima Limited,206
ASHOKA,Ashoka Buildcon Limited,20182
ASHOKAMET,Ashoka Metcast Limited,16943
ASHOKLEY,Ashok Leyland Limited,212
ASIANENE,Asian Energy Services Limited,7030
ASIANHOTNR,Asian Hotels (North) Limited,18422
ASIANPAINT,Asian Paints Limited,236
ASKAUTOLTD,ASK Automotive Limited,20152
ASPINWALL,Aspinwall and Company Limited,17270
ASTEC,Astec LifeSciences Limited,17728
ASTERDM,Aster DM Healthcare Limited,1508
ASTRAL,Astral Limited,14418
ASTRAMICRO,Astra Microwave Products Limited,11618
ASTRAZEN,AstraZeneca Pharma India Limited,5610
ASTRON,Astron Paper & Board Mill Limited,874
ATAM,Atam Valves Limited,15404
ATGL,Adani Total Gas Limited,6066
ATHERENERG,Ather Energy Limited,757645
ATL,Allcargo Terminals Limited,17778
ATUL,Atul Limited,263
ATULAUTO,Atul Auto Limited,30023
AUBANK,AU Small Finance Bank Limited,21238
AURIONPRO,Aurionpro Solutions Limited,12022
AUROPHARMA,Aurobindo Pharma Limited,275
AURUM,Aurum PropTech Limited,10310
AUTOAXLES,Automotive Axles Limited,278
AUTOIND,Autoline Industries Limited,14106
AVADHSUGAR,Avadh Sugar & Energy Limited,21406
AVALON,Avalon Technologies Limited,15058
AVANTEL,Avantel Limited,24610
AVANTIFEED,Avanti Feeds Limited,7936
AVG,AVG Logistics Limited,15589
AVL,Aditya Vision Limited,25984
AVONMORE,Avonmore Capital & Management Services Limited,13557
AVROIND,AVRO INDIA LIMITED,8827
AVTNPL,AVT Natural Products Limited,14008
AWFIS,Awfis Space Solutions Limited,23864
AWHCL,Antony Waste Handling Cell Limited,1797
AWL,AWL Agri Business Limited,8110
AXISBANK,Axis Bank Limited,5900
AXITA,Axita Cotton Limited,9902
AYMSYNTEX,AYM Syntex Limited,10285
AZAD,Azad Engineering Limited,20905
BAGFILMS,B.A.G Films and Media Limited,11226
BAIDFIN,Baid Finserv Limited,13794
BAJAJ-AUTO,Bajaj Auto Limited,16669
BAJAJCON,Bajaj Consumer Care Limited,19531
BAJAJELEC,Bajaj Electricals Limited,15034
BAJAJFINSV,Bajaj Finserv Limited,16675
BAJAJHCARE,Bajaj Healthcare Limited,6863
BAJAJHFL,Bajaj Housing Finance Limited,25270
BAJAJHIND,Bajaj Hindusthan Sugar Limited,308
BAJAJHLDNG,Bajaj Holdings & Investment Limited,305
BAJAJINDEF,Indef Manufacturing Limited,29678
BAJFINANCE,Bajaj Finance Limited,317
BALAJEE,Shree Tirupati Balajee Agro Trading Company Limited,25203
BALAMINES,Balaji Amines Limited,14501
BALAXI,BALAXI PHARMACEUTICALS LIMITED,11309
BALKRISHNA,Balkrishna Paper Mills Limited,10181
BALKRISIND,Balkrishna Industries Limited,335
BALMLAWRIE,Balmer Lawrie & Company Limited,338
BALPHARMA,Bal Pharma Limited,13441
BALRAMCHIN,Balrampur Chini Mills Limited,341
BANARBEADS,Banaras Beads Limited,347
BANARISUG,Bannari Amman Sugars Limited,350
BANCOINDIA,Banco Products (I) Limited,13880
BANDHANBNK,Bandhan Bank Limited,2263
BANG,Bang Overseas Limited,15303
BANKA,Banka BioLoo Limited,822
BANKBARODA,Bank of Baroda,4668
BANKINDIA,Bank of India,4745
BANSALWIRE,Bansal Wire Industries Limited,24386
BANSWRAS,Banswara Syntex Limited,14511
BASF,BASF India Limited,368
BASML,Bannari Amman Spinning Mills Limited,12034
BATAINDIA,Bata India Limited,371
BAYERCROP,Bayer Cropscience Limited,17927
BBL,Bharat Bijlee Limited,13761
BBTC,Bombay Burmah Trading Corporation Limited,380
BBTCL,B&B Triplewall Containers Limited,12153
BCG,Brightcom Group Limited,8833
BCLIND,Bcl Industries Limited,2513
BDL,Bharat Dynamics Limited,2144
BEARDSELL,Beardsell Limited,17933
BECTORFOOD,Mrs. Bectors Food Specialities Limited,1628
BEDMUTHA,Bedmutha Industries Limited,20196
BEL,Bharat Electronics Limited,383
BELLACASA,Bella Casa Fashion & Retail Limited,757938
BELRISE,Belrise Industries Limited,757102
BEML,BEML Limited,395
BEPL,Bhansali Engineering Polymers Limited,419
BERGEPAINT,Berger Paints (I) Limited,404
BESTAGRO,Best Agrolife Limited,2306
BFINVEST,BF Investment Limited,21113
BFUTILITIE,BF Utilities Limited,14567
BHAGCHEM,Bhagiradha Chemicals & Industries Limited,6164
BHAGERIA,Bhageria Industries Limited,13400
BHANDARI,Bhandari Hosiery Exports Limited,19556
BHARATFORG,Bharat Forge Limited,422
BHARATRAS,Bharat Rasayan Limited,3834
BHARATSE,Bharat Seats Limited,30244
BHARATWIRE,Bharat Wire Ropes Limited,16123
BHARTIARTL,Bharti Airtel Limited,10604
BHARTIHEXA,Bharti Hexacom Limited,23489
BHEL,Bharat Heavy Electricals Limited,438
BIGBLOC,Bigbloc Construction Limited,18431
BIKAJI,Bikaji Foods International Limited,11966
BIL,Bhartiya International Limited,7848
BIOCON,Biocon Limited,11373
BIRLACORPN,Birla Corporation Limited,480
BIRLAMONEY,Aditya Birla Money Limited,15239
BIRLANU,BirlaNu Limited,1455
BLACKBUCK,Zinka Logistics Solutions Limited,27144
BLAL,BEML Land Assets Limited,15067
BLBLIMITED,BLB Limited,8132
BLISSGVS,Bliss GVS Pharma Limited,19265
BLKASHYAP,B. L. Kashyap and Sons Limited,13290
BLS,BLS International Services Limited,17279
BLUEDART,Blue Dart Express Limited,495
BLUEJET,Blue Jet Healthcare Limited,19686
BLUESTARCO,Blue Star Limited,8311
BLUESTONE,BlueStone Jewellery and Lifestyle Limited,759291
BLUSPRING,Bluspring Enterprises Limited,757520
BODALCHEM,Bodal Chemicals Limited,25017
BOHRAIND,Bohra Industries Limited,11640
BOMDYEING,Bombay Dyeing & Mfg Company Limited,513
BORANA,Borana Weaves Limited,757919
BOROLTD,Borosil Limited,19401
BORORENEW,BOROSIL RENEWABLES LIMITED,3149
BOROSCI,Borosil Scientific Limited,24014
BOSCHLTD,Bosch Limited,2181
BPCL,Bharat Petroleum Corporation Limited,526
BPL,BPL Limited,530
BRIGADE,Brigade Enterprises Limited,15184
BRIGHOTEL,Brigade Hotel Ventures Limited,757794
BRITANNIA,Britannia Industries Limited,547
BRNL,Bharat Road Network Limited,21683
BSE,BSE Limited,19585
BSHSL,Bombay Super Hybrid Seeds Limited,809
BSL,BSL Limited,559
BSOFT,BIRLASOFT LIMITED,6994
BTML,Bodhi Tree Multimedia Limited,14150
BUTTERFLY,Butterfly Gandhimathi Appliances Limited,2716
CAMPUS,Campus Activewear Limited,9362
CAMS,Computer Age Management Services Limited,342
CANBK,Canara Bank,10794
CANFINHOME,Can Fin Homes Limited,583
CANTABIL,Cantabil Retail India Limited,20160
CAPACITE,Capacit'e Infraprojects Limited,21749
CAPITALSFB,Capital Small Finance Bank Limited,22675
CAPLIPOINT,Caplin Point Laboratories Limited,3906
CARBORUNIV,Carborundum Universal Limited,595
CARERATING,CARE Ratings Limited,29113
CARRARO,Carraro India Limited,28879
CARTRADE,Cartrade Tech Limited,5407
CARYSIL,CARYSIL LIMITED,1879
CASTROLIND,Castrol India Limited,1250
CCCL,Consolidated Construction Consortium Limited,14992
CCHHL,Country Club Hospitality & Holidays Limited,6385
CCL,CCL Products (India) Limited,11452
CDSL,Central Depository Services (India) Limited,21174
CEATLTD,CEAT Limited,15254
CEIGALL,Ceigall India Limited,24742
CELEBRITY,Celebrity Fashions Limited,13162
CELLO,Cello World Limited,19795
CENTENKA,Century Enka Limited,619
CENTRALBK,Central Bank of India,14894
CENTUM,Centum Electronics Limited,14982
CENTURYPLY,Century Plyboards (India) Limited,13305
CERA,Cera Sanitaryware Limited,15039
CESC,CESC Limited,628
CEWATER,Concord Enviro Systems Limited,28764
CGCL,Capri Global Capital Limited,20329
CGPOWER,CG Power and Industrial Solutions Limited,760
CHALET,Chalet Hotels Limited,8546
CHAMBLFERT,Chambal Fertilizers & Chemicals Limited,637
CHEMBOND,Chembond Material Technologies Limited,14618
CHEMBONDCH,Chembond Chemicals Limited,757989
CHEMCON,Chemcon Speciality Chemicals Limited,270
CHEMFAB,Chemfab Alkalis Limited,2799
CHEMPLASTS,Chemplast Sanmar Limited,5449
CHENNPETRO,Chennai Petroleum Corporation Limited,2049
CHEVIOT,Cheviot Company Limited,9879
CHOICEIN,Choice International Limited,8866
CHOLAFIN,Cholamandalam Investment and Finance Company Limited,685
CHOLAHLDNG,Cholamandalam Financial Holdings Limited,21740
CIEINDIA,CIE Automotive India Limited,14937
CIFL,Capital India Finance Limited,756015
CIGNITITEC,Cigniti Technologies Limited,5142
CINELINE,Cineline India Limited,27161
CIPLA,Cipla Limited,694
CLEAN,Clean Science and Technology Limited,5049
CLSEL,Chaman Lal Setia Exports Limited,3482
CMSINFO,CMS Info Systems Limited,7603
COALINDIA,Coal India Limited,20374
COASTCORP,Coastal Corporation Limited,6006
COCHINSHIP,Cochin Shipyard Limited,21508
COFORGE,Coforge Limited,11543
COHANCE,Cohance Lifesciences Limited,17945
COLPAL,Colgate Palmolive (India) Limited,15141
COMPUSOFT,Compucom Software Limited,31138
COMSYN,Commercial Syn Bags Limited,21578
CONCOR,Container Corporation of India Limited,4749
CONCORDBIO,Concord Biotech Limited,18060
CONFIPET,Confidence Petroleum India Limited,10238
CONSOFINVT,Consolidated Finvest & Holdings Limited,11731
CONTROLPR,Control Print Limited,17477
CORALFINAC,Coral India Finance & Housing Limited,4007
CORDSCABLE,Cords Cable Industries Limited,15271
COROMANDEL,Coromandel International Limited,739
COSMOFIRST,COSMO FIRST LIMITED,742
COUNCODOS,Country Condo's Limited,16986
CPCAP,CP Capital Limited,20086
CPPLUS,Aditya Infotech Limited,758858
CRAFTSMAN,Craftsman Automation Limited,2854
CREATIVE,Creative Newtech Limited,11155
CREDITACC,CREDITACCESS GRAMEEN LIMITED,4421
CREST,Crest Ventures Limited,13900
CRISIL,CRISIL Limited,757
CRIZAC,Crizac Limited,757850
CROMPTON,Crompton Greaves Consumer Electricals Limited,17094
CROWN,Crown Lifters Limited,8083
CSBBANK,CSB Bank Limited,14966
CSLFINANCE,CSL Finance Limited,10350
CUB,City Union Bank Limited,5701
CUMMINSIND,Cummins India Limited,1901
CUPID,Cupid Limited,18520
CYIENT,Cyient Limited,5748
CYIENTDLM,Cyient DLM Limited,17187
DABUR,Dabur India Limited,772
DALBHARAT,Dalmia Bharat Limited,8075
DALMIASUG,Dalmia Bharat Sugar and Industries Limited,781
DAMCAPITAL,Dam Capital Advisors Limited,28662
DAMODARIND,Damodar Industries Limited,17541
DATAMATICS,Datamatics Global Services Limited,11423
DATAPATTNS,Data Patterns (India) Limited,7358
DAVANGERE,Davangere Sugar Company Limited,21794
DBCORP,D.B.Corp Limited,17881
DBEIL,Deepak Builders & Engineers India Limited,25892
DBL,Dilip Buildcon Limited,18086
DBOL,Dhampur Bio Organics Limited,10893
DBREALTY,Valor Estate Limited,18124
DBSTOCKBRO,DB (International) Stock Brokers Limited,31107
DCBBANK,DCB Bank Limited,13725
DCI,Dc Infotech And Communication Limited,11566
DCM,DCM  Limited,805
DCMNVL,DCM Nouvelle Limited,11039
DCMSHRIRAM,DCM Shriram Limited,811
DCMSRIND,DCM Shriram Industries Limited,7325
DCW,DCW Limited,817
DCXINDIA,DCX Systems Limited,11895
DDEVPLSTIK,Ddev Plastiks Industries Limited,29098
DECCANCE,Deccan Cements Limited,14838
DEEDEV,DEE Development Engineers Limited,24154
DEEPAKFERT,Deepak Fertilizers and Petrochemicals Corporation Limited,827
DEEPAKNTR,Deepak Nitrite Limited,19943
DEEPINDS,Deep Industries Limited,3292
DELHIVERY,Delhivery Limited,9599
DELTACORP,Delta Corp Limited,15044
DEN,Den Networks Limited,17722
DENORA,De Nora India Limited,4279
DENTA,Denta Water and Infra Solutions Limited,29256
DEVIT,Dev Information Technology Limited,8146
DEVYANI,Devyani International Limited,5373
DHAMPURSUG,Dhampur Sugar Mills Limited,857
DHANBANK,Dhanlaxmi Bank Limited,11359
DHANI,Dhani Services Limited,15384
DHANUKA,Dhanuka Agritech Limited,24409
DHUNINV,Dhunseri Investments Limited,22233
DIACABS,Diamond Power Infrastructure Limited,18543
DIAMINESQ,Diamines & Chemicals Limited,18644
DIAMONDYD,Prataap Snacks Limited,21840
DICIND,DIC India Limited,703
DIFFNKG,Diffusion Engineers Limited,25672
DIGIDRIVE,Digidrive Distributors Limited,21247
DIGITIDE,Digitide Solutions Limited,757515
DIL,Debock Industries Limited,8657
DISHTV,Dish TV India Limited,14537
DIVGIITTS,Divgi Torqtransfer Systems Limited,14479
DIVISLAB,Divi's Laboratories Limited,10940
DIXON,Dixon Technologies (India) Limited,21690
DJML,DJ Mediaprint & Logistics Limited,12749
DLF,DLF Limited,14732
DLINKINDIA,D-Link (India) Limited,17851
DMART,Avenue Supermarts Limited,19913
DMCC,DMCC SPECIALITY CHEMICALS LIMITED,6973
DNAMEDIA,Diligent Media Corporation Limited,641
DODLA,Dodla Dairy Limited,4822
DOLATALGO,Dolat Algotech Limited,12124
DOLLAR,Dollar Industries Limited,20560
DOLPHIN,Dolphin Offshore Enterprises (India) Limited,18139
DOMS,DOMS Industries Limited,20551
DONEAR,Donear Industries Limited,13839
DPABHUSHAN,D. P. Abhushan Limited,936
DPSCLTD,DPSC Limited,15419
DPWIRES,D P Wires Limited,16900
DREDGECORP,Dredging Corporation of India Limited,11271
DRREDDY,Dr. Reddy's Laboratories Limited,881
DSSL,Dynacons Systems & Solutions Limited,25690
DTIL,Dhunseri Tea & Industries Limited,6227
DUCON,Ducon Infratechnologies Limited,28952
DVL,Dhunseri Ventures Limited,15214
DWARKESH,Dwarikesh Sugar Industries Limited,11667
DYCL,Dynamic Cables Limited,10417
DYNAMATECH,Dynamatic Technologies Limited,4525
DYNPRO,Dynemic Products Limited,21314
E2E,E2E Networks Limited,8937
EASEMYTRIP,Easy Trip Planners Limited,2792
EBGNG,GNG Electronics Limited,757862
ECLERX,eClerx Services Limited,15179
ECOSMOBLTY,Ecos (India) Mobility & Hospitality Limited,25060
EDELWEISS,Edelweiss Financial Services Limited,15119
EFCIL,EFC (I) Limited,758675
EICHERMOT,Eicher Motors Limited,910
EIDPARRY,EID Parry India Limited,916
EIEL,Enviro Infra Engineers Limited,27213
EIHAHOTELS,EIH Associated Hotels Limited,15399
EIHOTEL,EIH Limited,919
EIMCOELECO,Eimco Elecon (India) Limited,4040
EKC,Everest Kanto Cylinder Limited,13091
ELDEHSG,Eldeco Housing And Industries Limited,8953
ELECON,Elecon Engineering Company Limited,13643
ELECTCAST,Electrosteel Castings Limited,928
ELECTHERM,Electrotherm (India) Limited,4469
ELGIEQUIP,Elgi Equipments Limited,937
ELIN,Elin Electronics Limited,13423
ELLEN,Ellenbarrie Industrial Gases Limited,758563
EMAMILTD,Emami Limited,13517
EMAMIPAP,Emami Paper Mills Limited,10074
EMAMIREAL,Emami Realty Limited,19277
EMBDL,Embassy Developments Limited,14450
EMCURE,Emcure Pharmaceuticals Limited,24398
EMIL,Electronics Mart India Limited,11530
EMMBI,Emmbi Industries Limited,18142
EMSLIMITED,EMS Limited,18593
EMUDHRA,eMudhra Limited,9756
ENDURANCE,Endurance Technologies Limited,18822
ENGINERSIN,Engineers India Limited,4907
ENIL,Entertainment Network (India) Limited,13192
ENRIN,Siemens Energy India Limited,756871
ENTERO,Entero Healthcare Solutions Limited,22717
EPACK,EPACK Durable Limited,22463
EPIGRAL,Epigral Limited,5382
EPL,EPL Limited,981
EQUITASBNK,Equitas Small Finance Bank Limited,913
ERIS,Eris Lifesciences Limited,21154
ESABINDIA,Esab India Limited,955
ESAFSFB,ESAF Small Finance Bank Limited,19878
ESCORTS,Escorts Kubota Limited,958
ESSARSHPNG,Essar Shipping Limited,25634
ESSENTIA,Integra Essentia Limited,30323
ESTER,Ester Industries Limited,24265
ETERNAL,ETERNAL LIMITED,5097
ETHOSLTD,Ethos Limited,9750
EUREKAFORB,Eureka Forbes Limited,25162
EUROBOND,Euro Panel Products Limited,757953
EUROTEXIND,Eurotex Industries and Exports Limited,999
EVEREADY,Eveready Industries India Limited,11782
EVERESTIND,Everest Industries Limited,993
EXCELINDUS,Excel Industries Limited,11471
EXICOM,Exicom Tele-Systems Limited,22947
EXIDEIND,Exide Industries Limited,676
EXPLEOSOL,Expleo Solutions Limited,17486
FACT,Fertilizers and Chemicals Travancore Limited,1008
FAIRCHEMOR,Fairchem Organics Limited,1614
FAZE3Q,Faze Three Limited,12000
FCL,Fineotex Chemical Limited,6198
FCSSOFT,FCS Software Solutions Limited,11999
FDC,FDC Limited,4898
FEDERALBNK,The Federal Bank  Limited,1023
FEDFINA,Fedbank Financial Services Limited,20322
FIBERWEB,Fiberweb (India) Limited,8159
FIEMIND,Fiem Industries Limited,13710
FILATEX,Filatex India Limited,24532
FILATFASH,Filatex Fashions Limited,23647
FINCABLES,Finolex Cables Limited,1038
FINEORG,Fine Organic Industries Limited,3744
FINOPB,Fino Payments Bank Limited,6579
FINPIPE,Finolex Industries Limited,1041
FIRSTCRY,Brainbees Solutions Limited,24814
FISCHER,Fischer Medical Ventures Limited,757658
FIVESTAR,Five-Star Business Finance Limited,12032
FLAIR,Flair Writing Industries Limited,20372
FLEXITUFF,Flexituff Ventures International Limited,25512
FLUOROCHEM,Gujarat Fluorochemicals Limited,13750
FMGOETZE,Federal-Mogul Goetze (India) Limited.,1190
FMNL,Future Market Networks Limited,21017
FORCEMOT,FORCE MOTORS LTD,11573
FORTIS,Fortis Healthcare Limited,14592
FOSECOIND,Foseco India Limited,1073
FSL,Firstsource Solutions Limited,14304
FUSION,Fusion Finance Limited,11932
GABRIEL,Gabriel India Limited,1085
GAEL,Gujarat Ambuja Exports Limited,8828
GAIL,GAIL (India) Limited,4717
GALAPREC,Gala Precision Engineering Limited,25134
GALAXYSURF,Galaxy Surfactants Limited,1315
GALLANTT,Gallantt Ispat Limited,13337
GANDHAR,Gandhar Oil Refinery (India) Limited,20303
GANDHITUBE,Gandhi Special Tubes Limited,14116
GANECOS,Ganesha Ecosphere Limited,6944
GANESHBE,Ganesh Benzoplast Limited,5614
GANGAFORGE,Ganga Forging Limited,4957
GANGESSECU,Ganges Securities Limited,21399
GARFIBRES,Garware Technical Fibres Limited,1100
GARUDA,Garuda Construction and Engineering Limited,25800
GATEWAY,Gateway Distriparks Limited,8510
GEECEE,GeeCee Ventures Limited,13658
GEEKAYWIRE,Geekay Wires Limited,17922
GEMAROMA,Gem Aromatics Limited,759461
GENESYS,Genesys International Corporation Limited,10905
GENUSPAPER,Genus Paper & Boards Limited,6600
GENUSPOWER,Genus Power Infrastructures Limited,11905
GEOJITFSL,Geojit Financial Services Limited,11896
GESHIP,The Great Eastern Shipping Company Limited,13776
GFLLIMITED,GFL Limited,1289
GHCL,GHCL Limited,1127
GHCLTEXTIL,GHCL Textiles Limited,16696
GICHSGFIN,GIC Housing Finance Limited,1139
GICRE,General Insurance Corporation of India,277
GILLANDERS,Gillanders Arbuthnot & Company Limited,17839
GILLETTE,Gillette India Limited,1576
GIPCL,Gujarat Industries Power Company Limited,1145
GKWLIMITED,GKW Limited,17357
GLAND,Gland Pharma Limited,1186
GLAXO,GlaxoSmithKline Pharmaceuticals Limited,1153
GLENMARK,Glenmark Pharmaceuticals Limited,7406
GLOBALE,Globale Tessile Limited,24932
GLOBALVECT,Global Vectra Helicorp Limited,13735
GLOBE,Globe Textiles (India) Limited,393
GLOBECIVIL,Globe Civil Projects Limited,758572
GLOBUSSPR,Globus Spirits Limited,17424
GLOSTERLTD,Gloster Limited,23590
GMBREW,GM Breweries Limited,1168
GMDCLTD,Gujarat Mineral Development Corporation Limited,5204
GMMPFAUDLR,GMM Pfaudler Limited,1570
GMRAIRPORT,GMR AIRPORTS LIMITED,13528
GMRP&UI,GMR Power and Urban Infra Limited,8529
GNA,GNA Axles Limited,18571
GNFC,Gujarat Narmada Valley Fertilizers and Chemicals Limited,1174
GOACARBON,Goa Carbon Limited,14687
GOCLCORP,GOCL Corporation Limited,3963
GOCOLORS,Go Fashion (India) Limited,6964
GODFRYPHLP,Godfrey Phillips India Limited,1181
GODIGIT,Go Digit General Insurance Limited,23799
GODREJAGRO,Godrej Agrovet Limited,144
GODREJCP,Godrej Consumer Products Limited,10099
GODREJIND,Godrej Industries Limited,10925
GODREJPROP,Godrej Properties Limited,17875
GOKEX,Gokaldas Exports Limited,11778
GOKUL,Gokul Refoils and Solvent Limited,16705
GOKULAGRO,Gokul Agro Resources Limited,14480
GOLDIAM,Goldiam International Limited,11971
GOLDTECH,AION-TECH SOLUTIONS LIMITED,9874
GOODLUCK,Goodluck India Limited,6125
GOPAL,Gopal Snacks Limited,23066
GOYALALUM,Goyal Aluminiums Limited,11787
GPIL,Godawari Power And Ispat limited,13409
GPPL,Gujarat Pipavav Port Limited,19731
GPTHEALTH,GPT Healthcare Limited,22846
GPTINFRA,GPT Infraprojects Limited,17685
GRANULES,Granules India Limited,11872
GRAPHITE,Graphite India Limited,592
GRASIM,Grasim Industries Limited,1232
GRAVITA,Gravita India Limited,20534
GREAVESCOT,Greaves Cotton Limited,1235
GREENLAM,Greenlam Industries Limited,6848
GREENPANEL,Greenpanel Industries Limited,13810
GREENPLY,Greenply Industries Limited,3987
GREENPOWER,Orient Green Power Company Limited,20110
GRINDWELL,Grindwell Norton Limited,13560
GRINFRA,G R Infraprojects Limited,5054
GRMOVER,GRM Overseas Limited,10871
GRPLTD,GRP Limited,6543
GRSE,Garden Reach Shipbuilders & Engineers Limited,5475
GRWRHITECH,Garware Hi-Tech Films Limited,7982
GSFC,Gujarat State Fertilizers & Chemicals Limited,1247
GSLSU,Global Surfaces Limited,14599
GSPL,Gujarat State Petronet Limited,13197
GSS,GSS Infotech Limited,15347
GTL,GTL Limited,1162
GTLINFRA,GTL Infrastructure Limited,13745
GTPL,GTPL Hathway Limited,21195
GUFICBIO,Gufic Biosciences Limited,11606
GUJALKALI,Gujarat Alkalies and Chemicals Limited,1267
GUJGASLTD,Gujarat Gas Limited,10599
GUJTHEM,Gujarat Themis Biosyn Limited,29731
GULFOILLUB,Gulf Oil Lubricants India Limited,4391
GULFPETRO,GP Petroleums Limited,11581
GULPOLY,Gulshan Polyols Limited,6286
GVPIL,GE Power India Limited,7862
GVPTECH,GVP Infotech Limited,10865
GVT&D,GE Vernova T&D India Limited,16783
HAL,Hindustan Aeronautics Limited,2303
HAPPSTMNDS,Happiest Minds Technologies Limited,48
HAPPYFORGE,Happy Forgings Limited,20854
HARDWYN,Hardwyn India Limited,8962
HARIOMPIPE,Hariom Pipe Industries Limited,8968
HARRMALAYA,Harrisons  Malayalam Limited,1313
HARSHA,Harsha Engineers International Limited,11162
HATHWAY,Hathway Cable & Datacom Limited,18154
HATSUN,Hatsun Agro Product Limited,3892
HAVELLS,Havells India Limited,9819
HBLENGINE,HBL Engineering Limited,13966
HCG,Healthcare Global Enterprises Limited,15555
HCLTECH,HCL Technologies Limited,7229
HDBFS,HDB Financial Services Limited,757772
HDFCAMC,HDFC Asset Management Company Limited,4244
HDFCBANK,HDFC Bank Limited,1333
HDFCLIFE,HDFC Life Insurance Company Limited,467
HEADSUP,Heads UP Ventures Limited,19205
HEG,HEG Limited,1336
HEIDELBERG,HeidelbergCement India Limited,2316
HEMIPROP,Hemisphere Properties India Limited,701
HERANBA,Heranba Industries Limited,2614
HERITGFOOD,Heritage Foods Limited,4598
HEROMOTOCO,Hero MotoCorp Limited,1348
HESTERBIO,Hester Biosciences Limited,7048
HEUBACHIND,Heubach Colorants India Limited,715
HEXATRADEX,Hexa Tradex Limited,27008
HEXT,Hexaware Technologies Limited,29666
HFCL,HFCL Limited,21951
HGINFRA,H.G. Infra Engineering Limited,1672
HGS,Hinduja Global Solutions Limited,14712
HIKAL,Hikal Limited,9668
HILINFRA,Highway Infrastructure Limited,759103
HIMATSEIDE,Himatsingka Seide Limited,1360
HINDALCO,Hindalco Industries Limited,1363
HINDCOMPOS,Hindustan Composites Limited,1372
HINDCON,Hindcon Chemicals Limited,4920
HINDCOPPER,Hindustan Copper Limited,17939
HINDOILEXP,Hindustan Oil Exploration Company Limited,1403
HINDPETRO,Hindustan Petroleum Corporation Limited,1406
HINDUNILVR,Hindustan Unilever Limited,1394
HINDWAREAP,Hindware Home Innovation Limited,15883
HINDZINC,Hindustan Zinc Limited,1424
HIRECT,Hind Rectifiers Limited,13890
HISARMETAL,Hisar Metal Industries Limited,19322
HITECH,Hi-Tech Pipes Limited,2868
HITECHCORP,Hitech Corporation Limited,15161
HLEGLAS,HLE Glascoat Limited,2289
HLVLTD,HLV LIMITED,1448
HMAAGRO,HMA Agro Industries Limited,17053
HMVL,Hindustan Media Ventures Limited,19211
HNDFDS,Hindustan Foods Limited,12173
HOMEFIRST,Home First Finance Company India Limited,2056
HONASA,Honasa Consumer Limited,19813
HONAUT,Honeywell Automation India Limited,3417
HONDAPOWER,Honda India Power Products Limited,3138
HPAL,HP Adhesives Limited,7376
HPIL,Hindprakash Industries Limited,11796
HPL,HPL Electric & Power Limited,18679
HSCL,Himadri Speciality Chemical Limited,14334
HUBTOWN,Hubtown Limited,14203
HUDCO,Housing & Urban Development Corporation Limited,20825
HUHTAMAKI,Huhtamaki India Limited,2562
HYUNDAI,Hyundai Motor India Limited,25844
ICEMAKE,Ice Make Refrigeration Limited,489
ICICIBANK,ICICI Bank Limited,4963
ICICIGI,ICICI Lombard General Insurance Company Limited,21770
ICICIPRULI,ICICI Prudential Life Insurance Company Limited,18652
ICIL,Indo Count Industries Limited,11987
ICRA,ICRA Limited,14523
IDBI,IDBI Bank Limited,1476
IDEA,Vodafone Idea Limited,14366
IDEAFORGE,Ideaforge Technology Limited,17140
IDFCFIRSTB,IDFC First Bank Limited,11184
IEX,Indian Energy Exchange Limited,220
IFBIND,IFB Industries Limited,1485
IFCI,IFCI Limited,1491
IFGLEXPOR,IFGL Refractories Limited,436
IGARASHI,Igarashi Motors India Limited,634
IGCL,Indogulf Cropsciences Limited,757801
IGIL,International Gemmological Institute (India) Limited,28378
IGL,Indraprastha Gas Limited,11262
IGPL,IG Petrochemicals Limited,14086
IIFL,IIFL Finance Limited,11809
IIFLCAPS,IIFL Capital Services Limited,13072
IKIO,IKIO Technologies Limited,16822
IKS,Inventurus Knowledge Solutions Limited,28125
IMAGICAA,Imagicaaworld Entertainment Limited,7672
IMFA,Indian Metals & Ferro Alloys Limited,19235
IMPAL,India Motor Parts and Accessories Limited,12009
INDBANK,Indbank Merchant Banking Services Limited,16933
INDGN,Indegene Limited,23693
INDHOTEL,The Indian Hotels Company Limited,1512
INDIACEM,The India Cements Limited,1515
INDIAGLYCO,India Glycols Limited,1521
INDIAMART,Indiamart Intermesh Limited,10726
INDIANB,Indian Bank,14309
INDIANCARD,Indian Card Clothing Company Limited,4422
INDIANHUME,Indian Hume Pipe Company Limited,1530
INDIASHLTR,India Shelter Finance Corporation Limited,20556
INDIGO,InterGlobe Aviation Limited,11195
INDIGOPNTS,Indigo Paints Limited,2048
INDIQUBE,Indiqube Spaces Limited,757845
INDNIPPON,India Nippon Electricals Limited,4747
INDOAMIN,Indo Amines Limited,9116
INDOCO,Indoco Remedies Limited,11677
INDOFARM,Indo Farm Equipment Limited,29025
INDOSTAR,IndoStar Capital Finance Limited,3088
INDOTECH,Indo Tech Transformers Limited,13275
INDOUS,Indo Us Biotech Limited,25503
INDOWIND,Indowind Energy Limited,14952
INDRAMEDCO,Indraprastha Medical Corporation Limited,4751
INDTERRAIN,Indian Terrain Fashions Limited,21957
INDUSINDBK,IndusInd Bank Limited,5258
INDUSTOWER,Indus Towers Limited,29135
INFIBEAM,Infibeam Avenues Limited,16249
INFOBEAN,InfoBeans Technologies Limited,11027
INFY,Infosys Limited,1594
INGERRAND,Ingersoll Rand (India) Limited,1597
INNOVACAP,Innova Captab Limited,21062
INOXINDIA,INOX India Limited,20607
INOXWIND,Inox Wind Limited,7852
INSECTICID,Insecticides (India) Limited,14657
INTELLECT,Intellect Design Arena Limited,5926
INTLCONV,International Conveyors Limited,5606
INVENTURE,Inventure Growth & Securities Limited,24870
IOB,Indian Overseas Bank,9348
IOC,Indian Oil Corporation Limited,1624
IOLCP,IOL Chemicals and Pharmaceuticals Limited,20413
IONEXCHANG,ION Exchange (India) Limited,1630
IPCALAB,IPCA Laboratories Limited,1633
IPL,India Pesticides Limited,4934
IRB,IRB Infrastructure Developers Limited,15313
IRCON,Ircon International Limited,4986
IRCTC,Indian Railway Catering And Tourism Corporation Limited,13611
IREDA,Indian Renewable Energy Development Agency Limited,20261
IRFC,Indian Railway Finance Corporation Limited,2029
IRMENERGY,IRM Energy Limited,19597
ISFT,Intrasoft Technologies Limited,18479
ISGEC,Isgec Heavy Engineering Limited,3329
ITC,ITC Limited,1660
ITCHOTELS,ITC Hotels Limited,29251
ITDC,India Tourism Development Corporation Limited,19299
ITI,ITI Limited,1675
IVC,IL&FS Investment Managers Limited,6711
IVP,IVP Limited,1681
IXIGO,Le Travenues Technology Limited,24067
J&KBANK,The Jammu & Kashmir Bank Limited,5633
JAGRAN,Jagran Prakashan Limited,13211
JAGSNPHARM,Jagsonpal Pharmaceuticals Limited,4410
JAIBALAJI,Jai Balaji Industries Limited,11256
JAICORPLTD,Jai Corp Limited,5143
JAIPURKURT,Nandani Creation Limited,5516
JAMNAAUTO,Jamna Auto Industries Limited,20778
JASH,Jash Engineering Limited,13982
JAYAGROGN,Jayant Agro Organics Limited,4041
JAYNECOIND,Jayaswal Neco Industries Limited,2331
JAYSREETEA,Jayshree Tea & Industries Limited,1720
JBCHEPHARM,JB Chemicals & Pharmaceuticals Limited,1726
JBMA,JBM Auto Limited,11655
JCHAC,Johnson Controls - Hitachi Air Conditioning India Limited,4491
JETFREIGHT,Jet Freight Logistics Limited,7211
JGCHEM,J.G.Chemicals Limited,23056
JHS,JHS Svendgaard Laboratories Limited,13720
JINDALPHOT,Jindal Photo Limited,11743
JINDALPOLY,Jindal Poly Films Limited,1756
JINDALSAW,Jindal Saw Limited,3024
JINDALSTEL,JINDAL STEEL LIMITED,6733
JINDRILL,Jindal Drilling And Industries Limited,13875
JINDWORLD,Jindal Worldwide Limited,20642
JIOFIN,Jio Financial Services Limited,18143
JISLDVREQS,Jain Irrigation Systems Limited,25684
JISLJALEQS,Jain Irrigation Systems Limited,10397
JKCEMENT,JK Cement Limited,13270
JKIL,J.Kumar Infraprojects Limited,15266
JKLAKSHMI,JK Lakshmi Cement Limited,13491
JKPAPER,JK Paper Limited,11860
JKTYRE,JK Tyre & Industries Limited,14435
JLHL,Jupiter Life Line Hospitals Limited,18553
JMA,Jullundur Motor Agency (Delhi) Limited,7109
JMFINANCIL,JM Financial Limited,13637
JNKINDIA,JNK India Limited,23621
JOCIL,Jocil Limited,16927
JPOLYINVST,Jindal Poly Investment and Finance Company Limited,31507
JPPOWER,Jaiprakash Power Ventures Limited,11763
JSFB,Jana Small Finance Bank Limited,22663
JSL,Jindal Stainless Limited,11236
JSLL,Jeena Sikho Lifecare Limited,758115
JSWCEMENT,JSW Cement Limited,758460
JSWENERGY,JSW Energy Limited,17869
JSWHL,JSW Holdings Limited,11880
JSWINFRA,JSW Infrastructure Limited,19020
JSWSTEEL,JSW Steel Limited,11723
JTEKTINDIA,Jtekt India Limited,3237
JTLIND,JTL INDUSTRIES LIMITED,7287
JUBLFOOD,Jubilant Foodworks Limited,18096
JUBLINGREA,Jubilant Ingrevia Limited,2783
JUBLPHARMA,Jubilant Pharmova Limited,3637
JUNIPER,Juniper Hotels Limited,22824
JUSTDIAL,Just Dial Limited,29962
JWL,Jupiter Wagons Limited,20224
JYOTHYLAB,Jyothy Labs Limited,15146
JYOTICNC,Jyoti CNC Automation Limited,21334
JYOTISTRUC,Jyoti Structures Limited,1802
KABRAEXTRU,Kabra Extrusion Technik Limited,1805
KAJARIACER,Kajaria Ceramics Limited,1808
KAKATCEM,Kakatiya Cement Sugar & Industries Limited,1811
KALAMANDIR,Sai Silks (Kalamandir) Limited,18755
KALPATARU,Kalpataru Limited,758558
KALYANIFRG,Kalyani Forge Limited,15156
KALYANKJIL,Kalyan Jewellers India Limited,2955
KAMATHOTEL,Kamat Hotels (I) Limited,1826
KAMDHENU,Kamdhenu Limited,13457
KAMOPAINTS,Kamdhenu Ventures Limited,13814
KANANIIND,Kanani Industries Limited,25786
KANORICHEM,Kanoria Chemicals & Industries Limited,1835
KANPRPLA,Kanpur Plastipack Limited,1782
KANSAINER,Kansai Nerolac Paints Limited,1196
KAPSTON,Kapston Services Limited,18967
KARURVYSYA,Karur Vysya Bank Limited,1838
KAYNES,Kaynes Technology India Limited,12092
KCP,KCP Limited,1841
KCPSUGIND,KCP Sugar and Industries Corporation Limited,4809
KDDL,KDDL Limited,14908
KEC,KEC International Limited,13260
KECL,Kirloskar Electric Company Limited,18220
KEI,KEI Industries Limited,13310
KELLTONTEC,Kellton Tech Solutions Limited,13430
KEYFINSERV,Keynote Financial Services Limited,4157
KFINTECH,Kfin Technologies Limited,13359
KHADIM,Khadim India Limited,425
KHAICHEM,Khaitan Chemicals & Fertilizers Limited,896
KHANDSE,Khandwala Securities Limited,9641
KICL,Kalyani Investment Company Limited,21119
KIMS,Krishna Institute of Medical Sciences Limited,4847
KIRIINDUS,Kiri Industries Limited,16639
KIRLOSBROS,Kirloskar Brothers Limited,18581
KIRLOSENG,Kirloskar Oil Engines Limited,20936
KIRLOSIND,Kirloskar Industries Limited,19025
KIRLPNU,Kirloskar Pneumatic Company Limited,15180
KITEX,Kitex Garments Limited,28899
KKCL,Kewal Kiran Clothing Limited,13381
KMEW,Knowledge Marine & Engineering Works Limited,27084
KMSUGAR,K.M.Sugar Mills Limited,14667
KNRCON,KNR Constructions Limited,15283
KOHINOOR,Kohinoor Foods Limited,3009
KOKUYOCMLN,Kokuyo Camlin Limited,16827
KOLTEPATIL,Kolte - Patil Developers Limited,15124
KOPRAN,Kopran Limited,1919
KOTAKBANK,Kotak Mahindra Bank Limited,1922
KOTARISUG,Kothari Sugars And Chemicals Limited,11647
KOTHARIPET,Kothari Petrochemicals Limited,4594
KOTHARIPRO,Kothari Products Limited,5528
KPEL,K.P. Energy Limited,27079
KPIGREEN,KPI Green Energy Limited,5108
KPIL,Kalpataru Projects International Limited,1814
KPITTECH,KPIT Technologies Limited,9683
KPRMILL,K.P.R. Mill Limited,14912
KRBL,KRBL Limited,10577
KRISHANA,Krishana Phoschem Limited,12847
KRITIKA,Kritika Wires Limited,9288
KRITINUT,Kriti Nutrients Limited,11432
KRN,KRN Heat Exchanger and Refrigeration Limited,25643
KRONOX,Kronox Lab Sciences Limited,24025
KROSS,Kross Limited,25252
KRSNAA,Krsnaa Diagnostics Limited,5359
KRYSTAL,Krystal Integrated Services Limited,23175
KSB,Ksb Limited,1949
KSCL,Kaveri Seed Company Limited,14972
KSHITIJPOL,Kshitij Polyline Limited,10407
KSL,Kalyani Steels Limited,18889
KSOLVES,Ksolves India Limited,11060
KTKBANK,The Karnataka Bank Limited,8054
KUANTUM,Kuantum Papers Limited,13870
LAGNAM,Lagnam Spintex Limited,5865
LALPATHLAB,Dr. Lal Path Labs Ltd.,11654
LAMBODHARA,Lambodhara Textiles Limited,6407
LANCORHOL,Lancor Holdings Limited,23027
LANDMARK,Landmark Cars Limited,13276
LAOPALA,La Opala RG Limited,14423
LATENTVIEW,Latent View Analytics Limited,6818
LATTEYS,Latteys Industries Limited,15840
LAURUSLABS,Laurus Labs Limited,19234
LAXMICOT,Laxmi Cotspin Limited,6568
LAXMIDENTL,Laxmi Dental Limited,29171
LAXMIINDIA,Laxmi India Finance Limited,758863
LCCINFOTEC,LCC Infotech Limited,7529
LEMONTREE,Lemon Tree Hotels Limited,2606
LEXUS,Lexus Granito (India) Limited,14459
LFIC,Lakshmi Finance & Industrial Corporation Limited,7902
LGBBROSLTD,LG Balakrishnan & Bros Limited,18321
LGHL,Laxmi Goldorna House Limited,19876
LIBAS,Libas Consumer Products Limited,11082
LICHSGFIN,LIC Housing Finance Limited,1997
LICI,Life Insurance Corporation Of India,9480
LIKHITHA,Likhitha Infrastructure Limited,578
LINCOLN,Lincoln Pharmaceuticals Limited,11596
LINDEINDIA,Linde India Limited,1627
LLOYDSENGG,LLOYDS ENGINEERING WORKS LIMITED,17801
LLOYDSENT,Lloyds Enterprises Limited,25807
LLOYDSME,Lloyds Metals And Energy Limited,17313
LMW,LMW Limited,1979
LODHA,Lodha Developers Limited,3220
LOKESHMACH,Lokesh Machines Limited,13436
LOTUSDEV,Sri Lotus Developers and Realty Limited,758145
LOVABLE,Lovable Lingerie Limited,22415
LPDC,Landmark Property Development Company Limited,16863
LT,Larsen & Toubro Limited,11483
LTF,L&T Finance Limited,24948
LTFOODS,LT Foods Limited,13816
LTIM,LTIMindtree Limited,17818
LTTS,L&T Technology Services Limited,18564
LUMAXIND,Lumax Industries Limited,2018
LUMAXTECH,Lumax Auto Technologies Limited,14014
LUPIN,Lupin Limited,10440
LUXIND,Lux Industries Limited,11301
LXCHEM,Laxmi Organic Industries Limited,2841
LYKALABS,Lyka Labs Limited,2028
M&M,Mahindra & Mahindra Limited,2031
M&MFIN,Mahindra & Mahindra Financial Services Limited,13285
MACPOWER,Macpower CNC Machines Limited,22347
MADHAV,Madhav Marbles and Granites Limited,15151
MADRASFERT,Madras Fertilizers Limited,4911
MAGADSUGAR,Magadh Sugar & Energy Limited,21392
MAGNUM,Magnum Ventures Limited,14957
MAHABANK,Bank of Maharashtra,11377
MAHAPEXLTD,Maha Rashtra Apex Corporation Limited,5239
MAHEPC,Mahindra EPC Irrigation Limited,17603
MAHESHWARI,Maheshwari Logistics Limited,9576
MAHLIFE,Mahindra Lifespace Developers Limited,8050
MAHLOG,Mahindra Logistics Limited,385
MAHSCOOTER,Maharashtra Scooters Limited,2085
MAHSEAMLES,Maharashtra Seamless Limited,2088
MAITHANALL,Maithan Alloys Limited,24538
MALLCOM,Mallcom (India) Limited,7965
MALUPAPER,Malu Paper Mills Limited,13352
MAMATA,Mamata Machinery Limited,28687
MANAKCOAT,Manaksia Coated Metals & Industries Limited,7413
MANAKSIA,Manaksia Limited,15199
MANALIPETC,Manali Petrochemicals Limited,13796
MANAPPURAM,Manappuram Finance Limited,19061
MANBA,Manba Finance Limited,25597
MANCREDIT,Mangal Credit and Fincorp Limited,24823
MANGALAM,Mangalam Drugs And Organics Limited,11817
MANGCHEFER,Mangalore Chemicals & Fertilizers Limited,15007
MANGLMCEM,Mangalam Cement Limited,2106
MANINDS,Man Industries (India) Limited,11884
MANINFRA,Man Infraconstruction Limited,18226
MANKIND,Mankind Pharma Limited,15380
MANOMAY,Manomay Tex India Limited,13753
MANORAMA,Manorama Industries Limited,10227
MANYAVAR,Vedant Fashions Limited,8167
MAPMYINDIA,C.E. Info Systems Limited,7227
MARALOVER,Maral Overseas Limited,2112
MARATHON,Marathon Nextgen Realty Limited,18659
MARICO,Marico Limited,4067
MARKSANS,Marksans Pharma Limited,10579
MARUTI,Maruti Suzuki India Limited,10999
MASFIN,MAS Financial Services Limited,199
MASTEK,Mastek Limited,2124
MASTERTR,Master Trust Limited,27047
MATRIMONY,Matrimony.Com Limited,21726
MAWANASUG,Mawana Sugars Limited,17022
MAXESTATES,Max Estates Limited,19646
MAXHEALTH,Max Healthcare Institute Limited,22377
MAXIND,Max India Limited,22428
MAYURUNIQ,Mayur Uniquoters Ltd,28906
MAZDA,Mazda Limited,18866
MAZDOCK,Mazagon Dock Shipbuilders Limited,509
MBAPL,Madhya Bharat Agro Products Limited,12686
MBEL,M & B Engineering Limited,758150
MBLINFRA,MBL Infrastructure Limited,18029
MCLOUD,Magellanic Cloud Limited,29482
MCX,Multi Commodity Exchange of India Limited,31181
MEDANTA,Global Health Limited,11956
MEDIASSIST,Medi Assist Healthcare Services Limited,21705
MEDICAMEQ,Medicamen Biotech Limited,6278
MEDPLUS,Medplus Health Services Limited,7254
MEGASTAR,Megastar Foods Limited,8153
MEIL,Mangal Electrical Industries Limited,758748
MENONBE,Menon Bearings Limited,6961
METROBRAND,Metro Brands Limited,7242
METROPOLIS,Metropolis Healthcare Limited,9581
MFSL,Max Financial Services Limited,2142
MGEL,Mangalam Global Enterprise Limited,1593
MGL,Mahanagar Gas Limited,17534
MHLXMIRU,Mahalaxmi Rubtech Limited,7886
MHRIL,Mahindra Holidays & Resorts India Limited,17333
MICEL,MIC Electronics Limited,7169
MIDHANI,Mishra Dhatu Nigam Limited,2463
MINDACORP,Minda Corporation Limited,25897
MIRZAINT,Mirza International Limited,4394
MITCON,MITCON Consultancy & Engineering Services Limited,8469
MITTAL,Mittal Life Style Limited,18562
MMFL,MM Forgings Limited,13844
MMP,MMP Industries Limited,16395
MMTC,MMTC Limited,17957
MOBIKWIK,One Mobikwik Systems Limited,28046
MODIRUBBER,Modi Rubber Limited,2229
MODISONLTD,MODISON LIMITED,3316
MODTHREAD,Modern Threads (India) Limited,2241
MOIL,MOIL Limited,20830
MOKSH,Moksh Ornaments Limited,3586
MOL,Meghmani Organics Limited,5394
MOLDTECH,Mold-Tek Technologies Limited,17625
MOLDTKPAC,Mold-Tek Packaging Limited,6713
MONARCH,Monarch Networth Capital Limited,7679
MONTECARLO,Monte Carlo Fashions Limited,5938
MOREPENLAB,Morepen Laboratories Limited,2259
MOSCHIP,Moschip Technologies Limited,29459
MOTHERSON,Samvardhana Motherson International Limited,4204
MOTILALOFS,Motilal Oswal Financial Services Limited,14947
MOTISONS,Motisons Jewellers Limited,20788
MOTOGENFIN,The Motor & General Finance Limited,2268
MPHASIS,MphasiS Limited,4503
MPSLTD,MPS Limited,10578
MRF,MRF Limited,2277
MRPL,Mangalore Refinery and Petrochemicals Limited,2283
MSPL,MSP Steel & Power Limited,11919
MSTCLTD,Mstc Limited,9356
MSUMI,Motherson Sumi Wiring India Limited,8596
MTARTECH,Mtar Technologies Limited,2709
MTNL,Mahanagar Telephone Nigam Limited,2294
MUFIN,Mufin Green Finance Limited,19783
MUFTI,Credo Brands Marketing Limited,20878
MUKANDLTD,Mukand Limited,11325
MUKKA,Mukka Proteins Limited,22980
MUKTAARTS,Mukta Arts Limited,8687
MUNJALAU,Munjal Auto Industries Limited,13511
MUNJALSHOW,Munjal Showa Limited,2307
MURUDCERA,Murudeshwar Ceramics Limited,2313
MUTHOOTCAP,Muthoot Capital Services Limited,10415
MUTHOOTFIN,Muthoot Finance Limited,23650
MUTHOOTMF,Muthoot Microfin Limited,20831
MVGJL,Manoj Vaibhav Gems N Jewellers Limited,19015
NAGAFERT,Nagarjuna Fertilizers and Chemicals Limited,17295
NAGREEKEXP,Nagreeka Exports Limited,14702
NAHARPOLY,Nahar Poly Films Limited,14445
NAHARSPING,Nahar Spinning Mills Limited,14440
NAM-INDIA,Nippon Life India Asset Management Limited,357
NATCOPHARM,Natco Pharma Limited,3918
NATIONALUM,National Aluminium Company Limited,6364
NAUKRI,Info Edge (India) Limited,13751
NAVA,NAVA LIMITED,4014
NAVINFLUOR,Navin Fluorine International Limited,14672
NAVKARCORP,Navkar Corporation Limited,10557
NAVNETEDUL,Navneet Education Limited,2385
NAZARA,Nazara Technologies Limited,2987
NBCC,NBCC (India) Limited,31415
NBIFIN,N. B. I. Industrial Finance Company Limited,19111
NCC,NCC Limited,2319
NCLIND,NCL Industries Limited,14490
NDGL,Naga Dhunseri Group Limited,18371
NDL,Nandan Denim Limited,31258
NDRAUTO,Ndr Auto Components Limited,22255
NECCLTD,North Eastern Carrying Corporation Limited,13522
NELCAST,Nelcast Limited,14761
NELCO,NELCO Limited,2388
NEOGEN,Neogen Chemicals Limited,9917
NESCO,Nesco Limited,15409
NESTLEIND,Nestle India Limited,17963
NETWEB,Netweb Technologies India Limited,17433
NETWORK18,Network18 Media & Investments Limited,14111
NEULANDLAB,Neuland Laboratories Limited,2406
NEWGEN,Newgen Software Technologies Limited,1164
NEXTMEDIA,Next Mediaworks Limited,9867
NFL,National Fertilizers Limited,13925
NGIL,Nakoda Group of Industries Limited,5401
NGLFINE,NGL Fine-Chem Limited,10277
NH,Narayana Hrudayalaya Ltd.,11840
NHPC,NHPC Limited,17400
NIACL,The New India Assurance Company Limited,399
NIBE,NIBE Limited,29487
NIITLTD,NIIT Limited,11522
NIITMTS,NIIT Learning Systems Limited,17747
NILAINFRA,Nila Infrastructures Limited,9253
NILKAMAL,Nilkamal Limited,2421
NINSYS,NINtec Systems Limited,14194
NIPPOBATRY,Indo-National Limited,6782
NIRAJ,Niraj Cement Structurals Limited,255
NITCO,Nitco Limited,13300
NITINSPIN,Nitin Spinners Limited,13175
NITIRAJ,Nitiraj Engineers Limited,3247
NIVABUPA,Niva Bupa Health Insurance Company Limited,27097
NKIND,NK Industries Limited,2439
NLCINDIA,NLC India Limited,8585
NMDC,NMDC Limited,15332
NOCIL,NOCIL Limited,2442
NORTHARC,Northern Arc Capital Limited,25426
NOVAAGRI,Nova Agritech Limited,22477
NPST,Network People Services Technologies Limited,756324
NRBBEARING,NRB Bearing Limited,7553
NSIL,Nalwa Sons Investments Limited,11239
NSLNISP,NMDC Steel Limited,14180
NTPC,NTPC Limited,11630
NTPCGREEN,NTPC Green Energy Limited,27176
NUCLEUS,Nucleus Software Exports Limited,10791
NURECA,Nureca Limited,2350
NUVAMA,Nuvama Wealth Management Limited,18721
NUVOCO,Nuvoco Vistas Corporation Limited,5426
NYKAA,FSN E-Commerce Ventures Limited,6545
OAL,Oriental Aromatics Limited,10768
OBCL,Orissa Bengal Carrier Limited,8797
OBEROIRLTY,Oberoi Realty Limited,20242
OFSS,Oracle Financial Services Software Limited,10738
OIL,Oil India Limited,17438
OILCOUNTUB,Oil Country Tubular Limited,2472
OLECTRA,Olectra Greentech Limited,10637
OMAXE,Omaxe Limited,14853
OMINFRAL,OM INFRA LIMITED,24231
ONESOURCE,Onesource Specialty Pharma Limited,29224
ONGC,Oil & Natural Gas Corporation Limited,2475
ONMOBILE,OnMobile Global Limited,15278
OPTIEMUS,Optiemus Infracom Limited,21469
ORCHPHARMA,Orchid Pharma Limited,926
ORICONENT,Oricon Enterprises Limited,10159
ORIENTBELL,Orient Bell Limited,14278
ORIENTCEM,Orient Cement Limited,30089
ORIENTCER,ORIENT CERATECH LIMITED,13111
ORIENTELEC,Orient Electric Limited,2972
ORIENTHOT,Oriental Hotels Limited,2493
ORIENTLTD,Orient Press Limited,18208
ORIENTPPR,Orient Paper & Industries Limited,2496
ORIENTTECH,Orient Technologies Limited,24961
ORISSAMINE,The Orissa Minerals Development Company Limited,19931
OSWALAGRO,Oswal Agro Mills Limited,2514
OSWALGREEN,Oswal Greentech Limited,471
OSWALPUMPS,Oswal Pumps Limited,756802
PAGEIND,Page Industries Limited,14413
PAISALO,Paisalo Digital Limited,25468
PAKKA,PAKKA LIMITED,17197
PALASHSECU,Palash Securities Limited,21383
PANACEABIO,Panacea Biotec Limited,4055
PANAMAPET,Panama Petrochem Limited,25392
PANSARI,Pansari Developers Limited,6141
PARACABLES,Paramount Communications Limited,13951
PARADEEP,Paradeep Phosphates Limited,9741
PARAGMILK,Parag Milk Foods Limited,17130
PARAS,Paras Defence and Space Technologies Limited,5911
PARASPETRO,Paras Petrofils Limited,3972
PARKHOTELS,Apeejay Surrendra Park Hotels Limited,22649
PASHUPATI,Pashupati Cotspin Limited,757955
PASUPTAC,Pasupati Acrylon Limited,6045
PATANJALI,Patanjali Foods Limited,17029
PATELENG,Patel Engineering Limited,11699
PATINTLOG,Patel Integrated Logistics Limited,15219
PAVNAIND,Pavna Industries Limited,16192
PAYTM,One 97 Communications Limited,6705
PCBL,PCBL Chemical Limited,2649
PCJEWELLER,PC Jeweller Limited,29124
PDMJEPAPER,Pudumjee Paper Products Limited,15377
PDSL,PDS Limited,5264
PEARLPOLY,Pearl Polymers Limited,2610
PENIND,Pennar Industries Limited,20621
PENINLAND,Peninsula Land Limited,2256
PERSISTENT,Persistent Systems Limited,18365
PETRONET,Petronet LNG Limited,11351
PFC,Power Finance Corporation Limited,14299
PFIZER,Pfizer Limited,2643
PFOCUS,Prime Focus Limited,13496
PFS,PTC India Financial Services Limited,22602
PGEL,PG Electroplast Limited,25358
PGHH,Procter & Gamble Hygiene and Health Care Limited,2535
PGHL,Procter & Gamble Health Limited,940
PGIL,Pearl Global Industries Limited,14260
PHOENIXLTD,The Phoenix Mills Limited,14552
PICCADIL,Piccadily Agro Industries Limited,757754
PIDILITIND,Pidilite Industries Limited,2664
PIIND,PI Industries Limited,24184
PILANIINVS,Pilani Investment and Industries Corporation Limited,11445
PIONEEREMB,Pioneer Embroideries Limited,13463
PITTIENG,Pitti Engineering Limited,14134
PIXTRANS,Pix Transmissions Limited,9087
PLASTIBLEN,Plastiblends India Limited,13920
PLATIND,Platinum Industries Limited,22930
PLAZACABLE,Plaza Wires Limited,19458
PNB,Punjab National Bank,10666
PNBGILTS,PNB Gilts Limited,8736
PNBHOUSING,PNB Housing Finance Limited,18908
PNCINFRA,PNC Infratech Limited,9385
PNGJL,P N Gadgil Jewellers Limited,25312
POCL,Pondy Oxides & Chemicals Limited,14385
PODDARMENT,Poddar Pigments Limited,19036
POKARNA,Pokarna Limited,17651
POLICYBZR,PB Fintech Limited,6656
POLYCAB,Polycab India Limited,9590
POLYMED,Poly Medicure Limited,25718
POLYPLEX,Polyplex Corporation Limited,2687
PONNIERODE,Ponni Sugars (Erode) Limited,10661
POONAWALLA,Poonawalla Fincorp Limited,11403
POWERGRID,Power Grid Corporation of India Limited,14977
POWERINDIA,Hitachi Energy India Limited,18457
POWERMECH,Power Mech Projects Limited,10473
PPL,Prakash Pipes Limited,10297
PPLPHARMA,Piramal Pharma Limited,11571
PRABHA,Prabha Energy Limited,30134
PRAJIND,Praj Industries Limited,2705
PRAKASH,Prakash Industries Limited,2708
PRAKASHSTL,Prakash Steelage Limited,19599
PRECAM,Precision Camshafts Limited,12603
PRECWIRE,Precision Wires India Limited,2717
PREMEXPLN,Premier Explosives Limited,17397
PREMIERENE,Premier Energies Limited,25049
PREMIERPOL,Premier Polyfilm Limited,3908
PRESTIGE,Prestige Estates Projects Limited,20302
PRICOLLTD,Pricol Limited,19631
PRIMESECU,Prime Securities Limited,11864
PRIMO,Primo Chemicals Limited,756925
PRINCEPIPE,Prince Pipes And Fittings Limited,16045
PRITI,Priti International Limited,8304
PRITIKAUTO,Pritika Auto Industries Limited,5292
PRIVISCL,Privi Speciality Chemicals Limited,8825
PROSTARM,Prostarm Info Systems Limited,758173
PROTEAN,Protean eGov Technologies Limited,29472
PRSMJOHNSN,Prism Johnson Limited,2739
PRUDENT,Prudent Corporate Advisory Services Limited,9553
PRUDMOULI,Prudential Sugar Corporation Limited,20527
PSB,Punjab & Sind Bank,21001
PSPPROJECT,PSP Projects Limited,20877
PTC,PTC India Limited,11355
PTCIL,PTC Industries Limited,16682
PTL,PTL Enterprises Limited,14101
PUNJABCHEM,Punjab Chemicals & Crop Protection Limited,4344
PURVA,Puravankara Limited,14922
PVRINOX,PVR INOX Limited,13147
PVSL,Popular Vehicles and Services Limited,23142
PYRAMID,Pyramid Technoplast Limited,18250
QPOWER,Quality Power Electrical Equipments Limited,29711
QUADFUTURE,Quadrant Future Tek Limited,29087
QUESS,Quess Corp Limited,17704
QUICKHEAL,Quick Heal Technologies Limited,13116
RACE,Race Eco Chain Limited,15391
RACLGEAR,RACL Geartech Limited,27171
RADAAN,Radaan Mediaworks India Limited,10932
RADHIKAJWE,Radhika Jeweltech Limited,10343
RADIANTCMS,Radiant Cash Management Services Limited,13580
RADICO,Radico Khaitan Limited,10990
RADIOCITY,Music Broadcast Limited,19877
RAILTEL,Railtel Corporation Of India Limited,2431
RAIN,Rain Industries Limited,15337
RAINBOW,Rainbow Childrens Medicare Limited,9408
RAJESHEXPO,Rajesh Exports Limited,7401
RAJMET,Rajnandini Metal Limited,2168
RAJOOENG,Rajoo Engineers Limited,757049
RAJRATAN,Rajratan Global Wire Limited,18962
RAJSREESUG,Rajshree Sugars & Chemicals Limited,2809
RAJTV,Raj Television Network Limited,14403
RALLIS,Rallis India Limited,2816
RAMASTEEL,Rama Steel Tubes Limited,10300
RAMCOCEM,The Ramco Cements Limited,2043
RAMCOIND,Ramco Industries Limited,4587
RAMKY,Ramky Infrastructure Limited,20134
RAMRAT,Ram Ratna Wires Limited,10485
RANASUG,Rana Sugars Limited,2837
RANEHOLDIN,Rane Holdings Limited,2844
RATEGAIN,Rategain Travel Technologies Limited,7177
RATNAMANI,Ratnamani Metals & Tubes Limited,13451
RATNAVEER,Ratnaveer Precision Engineering Limited,18423
RAYMOND,Raymond Limited,2859
RAYMONDLSL,Raymond Lifestyle Limited,25073
RAYMONDREL,Raymond Realty Limited,758551
RBA,Restaurant Brands Asia Limited,1494
RBLBANK,RBL Bank Limited,18391
RBZJEWEL,RBZ Jewellers Limited,20874
RCF,Rashtriya Chemicals and Fertilizers Limited,2866
RECLTD,REC Limited,15355
REDINGTON,Redington Limited,14255
REDTAPE,Redtape Limited,17859
REFEX,Refex Industries Limited,17764
REGAAL,Regaal Resources Limited,758680
REGENCERAM,Regency Ceramics Limited,4130
RELAXO,Relaxo Footwears Limited,24225
RELCHEMQ,Reliance Chemotex Industries Limited,9652
RELIANCE,Reliance Industries Limited,2885
RELIGARE,Religare Enterprises Limited,15068
REMSONSIND,Remsons Industries Limited,3965
RENUKA,Shree Renuka Sugars Limited,12026
REPCOHOME,Repco Home Finance Limited,29598
REPL,Rudrabhishek Enterprises Limited,1480
REPRO,Repro India Limited,13126
RESPONIND,Responsive Industries Limited,20323
RETAIL,JHS Svendgaard Retail Ventures Limited,24145
RGL,Renaissance Global Limited,15129
RHIM,RHI MAGNESITA INDIA LIMITED,31163
RHL,Robust Hotels Limited,15157
RICOAUTO,Rico Auto Industries Limited,2909
RIIL,Reliance Industrial Infrastructure Limited,2912
RITCO,Ritco Logistics Limited,8944
RITES,RITES Limited,3761
RKDL,Ravi Kumar Distilleries Limited,20950
RKEC,RKEC Projects Limited,1547
RKFORGE,Ramkrishna Forgings Limited,11411
RKSWAMY,R K Swamy Limited,23043
RMDRIP,R M Drip and Sprinklers Systems Limited,757834
RML,Rane (Madras) Limited,11975
ROHLTD,Royal Orchid Hotels Limited,13182
ROLEXRINGS,Rolex Rings Limited,5279
ROSSARI,Rossari Biotech Limited,19410
ROSSELLIND,Rossell India Limited,28913
ROSSTECH,Rossell Techsys Limited,27353
ROTO,Roto Pumps Limited,9049
ROUTE,ROUTE MOBILE LIMITED,128
RPEL,Raghav Productivity Enhancers Limited,24735
RPGLIFE,RPG Life Sciences Limited,16725
RPPINFRA,R.P.P. Infra Projects Limited,20760
RPPL,Rajshree Polypack Limited,6913
RPSGVENT,RPSG VENTURES LIMITED,8119
RPTECH,Rashi Peripherals Limited,22670
RRKABEL,R R Kabel Limited,18566
RSWM,RSWM Limited,2794
RSYSTEMS,R Systems International Limited,13414
RTNINDIA,RattanIndia Enterprises Limited,27297
RTNPOWER,RattanIndia Power Limited,17520
RUBFILA,Rubfila International Limited,24730
RUBYMILLS,The Ruby Mills Limited,2939
RUCHIRA,Ruchira Papers Limited,13821
RUPA,Rupa & Company Limited,25724
RUSHIL,Rushil Decor Limited,24595
RUSTOMJEE,Keystone Realtors Limited,12219
RVNL,Rail Vikas Nigam Limited,9552
RVTH,Revathi Equipment India Limited,25157
SADBHAV,Sadbhav Engineering Limited,13236
SAFARI,Safari Industries (India) Limited,13035
SAGARDEEP,Sagardeep Alloys Limited,8175
SAGCEM,Sagar Cements Limited,14068
SAGILITY,Sagility India Limited,27052
SAHYADRI,Sahyadri Industries Limited,14900
SAIL,Steel Authority of India Limited,2963
SAILIFE,Sai Life Sciences Limited,27839
SAKHTISUG,Sakthi Sugars Limited,2969
SAKSOFT,Saksoft Limited,11794
SAKUMA,Sakuma Exports Limited,13251
SALASAR,Salasar Techno Engineering Limited,21362
SALONA,Salona Cotspin Limited,17351
SALZERELEC,Salzer Electronics Limited,11399
SAMBHAAV,Sambhaav Media Limited,4127
SAMBHV,Sambhv Steel Tubes Limited,757767
SAMHI,Samhi Hotels Limited,18614
SAMMAANCAP,Sammaan Capital Limited,30125
SAMPANN,Sampann Utpadan India Limited,27303
SANATHAN,Sanathan Textiles Limited,28805
SANDESH,The Sandesh Limited,2988
SANDHAR,Sandhar Technologies Limited,2397
SANDUMA,Sandur Manganese & Iron Ores Limited,18359
SANGAMIND,Sangam (India) Limited,4184
SANGHIIND,Sanghi Industries Limited,2997
SANGHVIMOV,Sanghvi Movers Limited,14058
SANGINITA,Sanginita Chemicals Limited,11032
SANOFI,Sanofi India Limited,1442
SANOFICONR,Sanofi Consumer Healthcare India Limited,25222
SANSERA,Sansera Engineering Limited,5751
SANSTAR,Sanstar Limited,24582
SAPPHIRE,Sapphire Foods India Limited,6718
SARDAEN,Sarda Energy & Minerals Limited,17758
SAREGAMA,Saregama India Limited,4892
SARLAPOLY,Sarla Performance Fibers Limited,14043
SARVESHWAR,Sarveshwar Foods Limited,12913
SASKEN,Sasken Technologies Limited,11983
SASTASUNDR,Sastasundar Ventures Limited,20063
SATIA,Satia Industries Limited,11045
SATIN,Satin Creditcare Network Limited,10453
SAURASHCEM,Saurashtra Cement Limited,3018
SBC,SBC Exports Limited,6792
SBCL,Shivalik Bimetal Controls Limited,4656
SBFC,SBFC Finance Limited,18026
SBGLP,Suratwwala Business Group Limited,14139
SBICARD,SBI Cards and Payment Services Limited,17971
SBILIFE,SBI Life Insurance Company Limited,21808
SBIN,State Bank of India,3045
SCHAEFFLER,Schaeffler India Limited,1011
SCHAND,S Chand And Company Limited,20698
SCI,Shipping Corporation Of India Limited,3048
SCILAL,Shipping Corporation of India Land and Assets Limited,23127
SCODATUBES,Scoda Tubes Limited,757478
SCPL,Sheetal Cool Products Limited,12072
SDBL,Som Distilleries & Breweries Limited,1338
SEAMECLTD,Seamec Limited,2616
SECURKLOUD,SECUREKLOUD TECHNOLOGIES LIMITED,11058
SELMC,SEL Manufacturing Company Limited,6262
SENCO,Senco Gold Limited,17271
SENORES,Senores Pharmaceuticals Limited,28888
SEPC,SEPC Limited,15308
SEQUENT,Sequent Scientific Limited,14296
SERVOTECH,Servotech Renewable Power System Limited,5507
SESHAPAPER,Seshasayee Paper and Boards Limited,3066
SETCO,Setco Automotive Limited,17514
SFL,Sheela Foam Limited,19184
SGFIN,SG Finserve Limited,758853
SGIL,Synergy Green Industries Limited,5114
SHAHALLOYS,Shah Alloys Limited,11856
SHAILY,Shaily Engineering Plastics Limited,8727
SHAKTIPUMP,Shakti Pumps (India) Limited,25574
SHALBY,Shalby Limited,714
SHALPAINTS,Shalimar Paints Limited,15342
SHANKARA,Shankara Building Products Limited,20321
SHANTIGEAR,Shanthi Gears Limited,3078
SHANTIGOLD,Shanti Gold International Limited,758002
SHARDACROP,Sharda Cropchem Limited,4992
SHARDAMOTR,Sharda Motor Industries Limited,10530
SHAREINDIA,Share India Securities Limited,104
SHEKHAWATI,Shekhawati Industries Limited,21095
SHIVALIK,Shivalik Rasayan Limited,7016
SHIVAMAUTO,Shivam Autotech Limited,13756
SHIVAMILLS,Shiva Mills Limited,1497
SHIVATEX,Shiva Texyarn Limited,804
SHK,S H Kelkar and Company Limited,11212
SHOPERSTOP,Shoppers Stop Limited,11813
SHRADHA,Shradha Infraprojects Limited,708
SHREDIGCEM,Shree Digvijay Cement Co.Ltd,3099
SHREECEM,SHREE CEMENT LIMITED,3103
SHREEJISPG,Shreeji Shipping Global Limited,759448
SHREEPUSHK,Shree Pushkar Chemicals & Fertilisers Limited,10588
SHRENIK,Shrenik Limited,11149
SHRIPISTON,Shriram Pistons & Rings Limited,17186
SHRIRAMFIN,Shriram Finance Limited,4306
SHRIRAMPPS,Shriram Properties Limited,7200
SHYAMCENT,Shyam Century Ferrous Limited,10188
SHYAMMETL,Shyam Metalics and Energy Limited,4693
SIEMENS,Siemens Limited,3150
SIGACHI,Sigachi Industries Limited,6663
SIGNATURE,Signatureglobal (India) Limited,18743
SIGNPOST,Signpost India Limited,22656
SIKKO,Sikko Industries Limited,6218
SIL,Standard Industries Limited,11297
SILINV,SIL Investments Limited,4105
SILLYMONKS,Silly Monks Entertainment Limited,19097
SILVERTUC,Silver Touch Technologies Limited,9422
SIMPLEXINF,Simplex Infrastructures Limited,3162
SINCLAIR,Sinclairs Hotels Limited,23480
SINDHUTRAD,Sindhu Trade Links Limited,16859
SINTERCOM,Sintercom India Limited,381
SIRCA,Sirca Paints India Limited,11050
SIS,SIS LIMITED,21501
SIYSIL,Siyaram Silk Mills Limited,14096
SJS,S.J.S. Enterprises Limited,6643
SJVN,SJVN Limited,18883
SKIPPER,Skipper Limited,9428
SKYGOLD,SKY GOLD AND DIAMONDS LIMITED,13631
SMARTLINK,Smartlink Holdings Limited,9889
SMARTWORKS,Smartworks Coworking Spaces Limited,757965
SMCGLOBAL,SMC Global Securities Limited,2320
SMLISUZU,SML Isuzu Limited,3387
SMLT,Sarthak Metals Limited,6843
SMSLIFE,SMS Lifesciences India Limited,21551
SMSPHARMA,SMS Pharmaceuticals Limited,14329
SNOWMAN,Snowman Logistics Limited,4843
SOBHA,Sobha Limited,13826
SOFTTECH,Softtech Engineers Limited,8266
SOLARA,Solara Active Pharma Sciences Limited,3672
SOLARINDS,Solar Industries India Limited,13332
SOMANYCERA,Somany Ceramics Limited,3880
SOMICONVEY,Somi Conveyor Beltings Limited,17794
SONACOMS,Sona BLW Precision Forgings Limited,4684
SONAMLTD,SONAM LIMITED,8806
SONATSOFTW,Sonata Software Limited,6596
SOTL,Savita Oil Technologies Limited,3021
SOUTHBANK,The South Indian Bank Limited,5948
SPAL,S. P. Apparels Limited,18252
SPANDANA,Spandana Sphoorty Financial Limited,11435
SPARC,Sun Pharma Advanced Research Company Limited,14788
SPECIALITY,Speciality Restaurants Limited,27107
SPECTRUM,Spectrum Electrical Industries Limited,30455
SPENCERS,Spencer's Retail Limited,8163
SPIC,Southern Petrochemicals Industries Corporation  Limited,3252
SPLIL,SPL Industries Limited,11935
SPLPETRO,Supreme Petrochem Limited,9617
SPMLINFRA,SPML Infra Limited,3321
SPORTKING,Sportking India Limited,10733
SREEL,Sreeleathers Limited,31837
SRF,SRF Limited,3273
SRGHFL,SRG Housing Finance Limited,18119
SRHHYPOLTD,Sree Rayalaseema Hi-Strength Hypo Limited,14582
SRM,SRM Contractors Limited,23402
SSDL,Saraswati Saree Depot Limited,24856
SSWL,Steel Strips Wheels Limited,11829
STANLEY,Stanley Lifestyles Limited,24226
STAR,Strides Pharma Science Limited,7374
STARCEMENT,Star Cement Limited,21091
STARHEALTH,Star Health and Allied Insurance Company Limited,7083
STARPAPER,Star Paper Mills Limited,3291
STARTECK,Starteck Finance Limited,9305
STEELCAS,Steelcast Limited,6803
STEELCITY,Steel City Securities Limited,10406
STEELXIND,STEEL EXCHANGE INDIA LIMITED,21339
STEL,Stel Holdings Limited,21484
STERTOOLS,Sterling Tools Limited,4299
STLTECH,Sterlite Technologies Limited,9309
STOVEKRAFT,Stove Kraft Limited,2107
STYLAMIND,Stylam Industries Limited,5186
STYLEBAAZA,Baazar Style Retail Limited,25114
STYRENIX,Styrenix Performance Materials Limited,19
SUBROS,Subros Limited,3324
SUDARSCHEM,Sudarshan Chemical Industries Limited,3327
SUKHJITS,Sukhjit Starch & Chemicals Limited,11804
SULA,Sula Vineyards Limited,13218
SUMICHEM,Sumitomo Chemical India Limited,17105
SUMIT,Sumit Woods Limited,11140
SUMMITSEC,Summit Securities Limited,21275
SUNCLAY,Sundaram Clayton Limited,20956
SUNDARAM,Sundaram Multi Pap Limited,18931
SUNDARMFIN,Sundaram Finance Limited,3339
SUNDRMBRAK,Sundaram Brake Linings Limited,4179
SUNDRMFAST,Sundram Fasteners Limited,3345
SUNDROP,Sundrop Brands Limited,1663
SUNFLAG,Sunflag Iron And Steel Company Limited,3348
SUNPHARMA,Sun Pharmaceutical Industries Limited,3351
SUNTECK,Sunteck Realty Limited,17641
SUNTV,Sun TV Network Limited,13404
SUPERHOUSE,Superhouse Limited,20616
SUPERSPIN,Super Spinning Mills Limited,3357
SUPRAJIT,Suprajit Engineering Limited,11689
SUPREME,Supreme Holdings & Hospitality (India) Limited,29439
SUPREMEIND,Supreme Industries Limited,3363
SUPRIYA,Supriya Lifescience Limited,7390
SURAJEST,Suraj Estate Developers Limited,20822
SURAJLTD,Suraj Limited,24966
SURAKSHA,Suraksha Diagnostic Limited,27334
SURANASOL,Surana Solar Limited,21077
SURANAT&P,Surana Telecom and Power Limited,10700
SURYALAXMI,Suryalakshmi Cotton Mills Limited,11852
SURYAROSNI,Surya Roshni Limited,3375
SURYODAY,Suryoday Small Finance Bank Limited,2970
SUTLEJTEX,Sutlej Textiles and Industries Limited,13801
SUYOG,Suyog Telematics Limited,24851
SUZLON,Suzlon Energy Limited,12018
SVPGLOB,SVP GLOBAL TEXTILES LIMITED,5020
SWARAJENG,Swaraj Engines Limited,3384
SWELECTES,Swelect Energy Systems Limited,11909
SWIGGY,Swiggy Limited,27066
SWSOLAR,Sterling and Wilson Renewable Energy Limited,12489
SYMPHONY,Symphony Limited,24190
SYNGENE,Syngene International Limited,10243
SYRMA,Syrma SGS Technology Limited,10793
TAINWALCHM,Tainwala Chemical and Plastic (I) Limited,3396
TAJGVK,Taj GVK Hotels & Resorts Limited,9354
TALBROAUTO,Talbros Automotive Components Limited,13648
TANLA,Tanla Platforms Limited,13976
TARACHAND,Tara Chand InfraLogistic Solutions Limited,23512
TARC,TARC Limited,1581
TARIL,Transformers And Rectifiers (India) Limited,15174
TARMAT,Tarmat Limited,14771
TARSONS,Tarsons Products Limited,6943
TASTYBITE,Tasty Bite Eatables Limited,20092
TATACHEM,Tata Chemicals Limited,3405
TATACOMM,Tata Communications Limited,3721
TATACONSUM,TATA CONSUMER PRODUCTS LIMITED,3432
TATAELXSI,Tata Elxsi Limited,3411
TATAINVEST,Tata Investment Corporation Limited,1621
TATAMOTORS,Tata Motors Limited,3456
TATAPOWER,Tata Power Company Limited,3426
TATASTEEL,Tata Steel Limited,3499
TATATECH,Tata Technologies Limited,20293
TATVA,Tatva Chintan Pharma Chem Limited,5162
TBOTEK,TBO Tek Limited,23740
TBZ,Tribhovandas Bhimji Zaveri Limited,27037
TCI,Transport Corporation of India Limited,10580
TCIEXP,TCI Express Limited,19223
TCPLPACK,TCPL Packaging Limited,184
TCS,Tata Consultancy Services Limited,11536
TDPOWERSYS,TD Power Systems Limited,25178
TEAMLEASE,Teamlease Services Limited,12716
TECHM,Tech Mahindra Limited,13538
TECHNOE,Techno Electric & Engineering Company Limited,6445
TEGA,Tega Industries Limited,7105
TEJASNET,Tejas Networks Limited,21131
TEMBO,Tembo Global Industries Limited,3275
TEXINFRA,Texmaco Infrastructure & Holdings Limited,11549
TEXMOPIPES,Texmo Pipes and Products Limited,18214
TEXRAIL,Texmaco Rail & Engineering Limited,21828
TFCILTD,Tourism Finance Corporation of India Limited,3466
TGBHOTELS,TGB Banquets And Hotels Limited,14607
THANGAMAYL,Thangamayil Jewellery Limited,18118
THEINVEST,The Investment Trust Of India Limited,21427
THEJO,Thejo Engineering Limited,19279
THELEELA,Schloss Bangalore Limited,757014
THEMISMED,Themis Medicare Limited,14485
THERMAX,Thermax Limited,3475
THOMASCOOK,Thomas Cook  (India)  Limited,3481
THYROCARE,Thyrocare Technologies Limited,17032
TI,Tilaknagar Industries Limited,19196
TIIL,Technocraft Industries (India) Limited,14223
TIINDIA,Tube Investments of India Limited,312
TIMETECHNO,Time Technoplast Limited,14707
TIMKEN,Timken India Limited,14198
TINNARUBR,Tinna Rubber and Infrastructure Limited,756020
TIPSFILMS,Tips Films Limited,11374
TIPSMUSIC,Tips Music Limited,9117
TIRUMALCHM,Thirumalai Chemicals Limited,3496
TIRUPATIFL,Tirupati Forge Limited,22282
TITAGARH,TITAGARH RAIL SYSTEMS LIMITED,15414
TITAN,Titan Company Limited,3506
TMB,Tamilnad Mercantile Bank Limited,10945
TNPL,Tamil Nadu Newsprint & Papers Limited,3980
TOKYOPLAST,Tokyo Plast International Limited,3837
TOLINS,Tolins Tyres Limited,25262
TORNTPHARM,Torrent Pharmaceuticals Limited,3518
TORNTPOWER,Torrent Power Limited,13786
TOTAL,Total Transport Systems Limited,22423
TOUCHWOOD,Touchwood Entertainment Limited,16908
TPHQ,Teamo Productions HQ Limited,16996
TPLPLASTEH,TPL Plastech Limited,9219
TRACXN,Tracxn Technologies Limited,11582
TRANSRAILL,Transrail Lighting Limited,28714
TRANSWORLD,TRANSWORLD SHIPPING LINES LIMITED,3129
TRAVELFOOD,Travel Food Services Limited,757545
TREEHOUSE,Tree House Education & Accessories Limited,25082
TREJHARA,TREJHARA SOLUTIONS LIMITED,7518
TREL,Transindia Real Estate Limited,17795
TRENT,Trent Limited,1964
TRF,TRF Limited,17987
TRIDENT,Trident Limited,9685
TRITURBINE,Triveni Turbine Limited,25584
TRIVENI,Triveni Engineering & Industries Limited,13081
TTKHLTCARE,TTK Healthcare Limited,11369
TTKPRESTIG,TTK Prestige Limited,3546
TVSHLTD,TVS Holdings Limited,29008
TVSMOTOR,TVS Motor Company Limited,8479
TVSSCS,TVS Supply Chain Solutions Limited,18151
TVSSRICHAK,TVS Srichakra Limited,14245
TVTODAY,TV Today Network Limited,11275
TVVISION,TV Vision Limited,18504
UBL,United Breweries Limited,16713
UCAL,UCAL LIMITED,3570
UCOBANK,UCO Bank,11223
UDS,Updater Services Limited,19113
UFLEX,UFLEX Limited,1053
UFO,UFO Moviez India Limited,9039
UGARSUGAR,The Ugar Sugar Works Limited,19578
UGROCAP,Ugro Capital Limited,5313
UJJIVANSFB,Ujjivan Small Finance Bank Limited,15228
ULTRACEMCO,UltraTech Cement Limited,11532
UMESLTD,Usha Martin Education & Solutions Limited,19142
UMIYA-MRO,UMIYA BUILDCON LIMITED,8998
UNICHEMLAB,Unichem Laboratories Limited,3579
UNIDT,United Drilling Tools Limited,201
UNIECOM,Unicommerce Esolutions Limited,24809
UNIENTER,Uniphos Enterprises Limited,11293
UNIONBANK,Union Bank of India,10753
UNIPARTS,Uniparts India Limited,13057
UNITDSPR,United Spirits Limited,10447
UNITEDTEA,The United Nilgiri Tea Estates Company Limited,17999
UNIVASTU,Univastu India Limited,18977
UNIVCABLES,Universal Cables Limited,3607
UNOMINDA,UNO Minda Limited,14154
UPL,UPL Limited,11287
URAVIDEF,Uravi Defence and Technology Limited,17071
URJA,Urja Global Limited,20203
USHAMART,Usha Martin Limited,8840
USK,Udayshivakumar Infra Limited,14871
UTIAMC,UTI Asset Management Company Limited,527
UTKARSHBNK,Utkarsh Small Finance Bank Limited,17358
UTTAMSUGAR,Uttam Sugar Mills Limited,13376
UYFINCORP,U. Y. Fincorp Limited,25626
V2RETAIL,V2 Retail Limited,14766
VADILALIND,Vadilal Industries Limited,24196
VAIBHAVGBL,Vaibhav Global Limited,11364
VAISHALI,Vaishali Pharma Limited,16589
VAKRANGEE,Vakrangee Limited,13342
VALIANTLAB,Valiant Laboratories Limited,19218
VARDHACRLC,Vardhman Acrylics Limited,11220
VARDMNPOLY,Vardhman Polytex Limited,3646
VARROC,Varroc Engineering Limited,3857
VASCONEQ,Vascon Engineers Limited,18110
VBL,Varun Beverages Limited,18921
VEDL,Vedanta Limited,3063
VEEDOL,Veedol Corporation Limited,14019
VENKEYS,Venky's (India) Limited,3757
VENTIVE,Ventive Hospitality Limited,28847
VENUSPIPES,Venus Pipes & Tubes Limited,9592
VERANDA,Veranda Learning Solutions Limited,8890
VERTOZ,Vertoz Limited,18863
VESUVIUS,Vesuvius India Limited,3676
VETO,Veto Switchgears And Cables Limited,8652
VGUARD,V-Guard Industries Limited,15362
VHL,Vardhman Holdings Limited,11892
VIDHIING,Vidhi Specialty Food Ingredients Limited,13536
VIJAYA,Vijaya Diagnostic Centre Limited,5585
VIKASECO,Vikas EcoTech Limited,25756
VIKASLIFE,Vikas Lifecare Limited,9931
VIKRAMSOLR,Vikram Solar Limited,759453
VIMTALABS,Vimta Labs Limited,13101
VINATIORGA,Vinati Organics Limited,17364
VINCOFE,Vintage Coffee And Beverages Limited,25835
VINDHYATEL,Vindhya Telelinks Limited,3694
VINNY,Vinny Overseas Limited,12490
VIPCLOTHNG,VIP Clothing Limited,14843
VIPIND,VIP Industries Limited,3703
VIPULLTD,Vipul Limited,8424
VISHNU,Vishnu Chemicals Limited,6908
VISHWARAJ,Vishwaraj Sugar Industries Limited,13702
VIVIDHA,Visagar Polytex Limited,29877
VLEGOV,VL E-Governance & IT Solutions Limited,18012
VLSFINANCE,VLS Finance Limited,3715
VMART,V-Mart Retail Limited,29284
VMM,Vishal Mega Mart Limited,27969
VOLTAMP,Voltamp Transformers Limited,13577
VOLTAS,Voltas Limited,3718
VPRPL,Vishnu Prakash R Punglia Limited,18341
VRAJ,Vraj Iron and Steel Limited,24321
VRLLOG,VRL Logistics Limited,8696
VSSL,Vardhman Special Steels Limited,27067
VSTIND,VST Industries Limited,3724
VSTL,Vibhor Steel Tubes Limited,22730
VSTTILLERS,V.S.T Tillers Tractors Limited,24292
VTL,Vardhman Textiles Limited,2073
WAAREEENER,Waaree Energies Limited,25907
WAAREERTL,Waaree Renewable Technologies Limited,756038
WABAG,VA Tech Wabag Limited,20188
WANBURY,Wanbury Limited,14063
WCIL,Western Carriers (India) Limited,25403
WEALTH,Wealth First Portfolio Managers Limited,1923
WEBELSOLAR,Websol Energy System Limited,14602
WEIZMANIND,Weizmann Limited,3748
WEL,Wonder Electricals Limited,7835
WELCORP,Welspun Corp Limited,11821
WELENT,Welspun Enterprises Limited,11626
WELSPUNLIV,Welspun Living Limited,11253
WENDT,Wendt (India) Limited,4235
WESTLIFE,WESTLIFE FOODWORLD LIMITED,11580
WHEELS,Wheels India Limited,3766
WHIRLPOOL,Whirlpool of India Limited,18011
WILLAMAGOR,Williamson Magor & Company Limited,3772
WINDLAS,Windlas Biotech Limited,5366
WINDMACHIN,Windsor Machines Limited,24969
WIPL,The Western India Plywoods Limited,20481
WIPRO,Wipro Limited,3787
WOCKPHARMA,Wockhardt Limited,7506
WONDERLA,Wonderla Holidays Limited,3002
WSI,W S Industries (I) Limited,14828
WSTCSTPAPR,West Coast Paper Mills Limited,3799
XCHANGING,Xchanging Solutions Limited,11705
XELPMOC,Xelpmoc Design And Tech Limited,8477
XPROINDIA,Xpro India Limited,11407
XTGLOBAL,Xtglobal Infotech Limited,25235
YASHO,Yasho Industries Limited,18131
YATHARTH,Yatharth Hospital & Trauma Care Services Limited,17738
YATRA,Yatra Online Limited,18760
YESBANK,Yes Bank Limited,11915
YUKEN,Yuken India Limited,5501
ZAGGLE,Zaggle Prepaid Ocean Services Limited,18608
ZEEL,Zee Entertainment Enterprises Limited,3812
ZEEMEDIA,Zee Media Corporation Limited,14003
ZENITHEXPO,Zenith Exports Limited,4176
ZENSARTECH,Zensar Technologies Limited,1076
ZENTEC,Zen Technologies Limited,7508
ZFCVINDIA,ZF Commercial Vehicle Control Systems India Limited,16915
ZIMLAB,Zim Laboratories Limited,12384
ZODIACLOTH,Zodiac Clothing Company Limited,3821
ZOTA,Zota Health Care LImited,11394
ZUARI,Zuari Agro Chemicals Limited,29050
ZUARIIND,ZUARI INDUSTRIES LIMITED,3827
ZYDUSLIFE,Zydus Lifesciences Limited,7929
ZYDUSWELL,Zydus Wellness Limited,17635
